KPI One: Count,13118
KPI One: Count-Consumer Action One,96666
KPI Two: Count,36
KPI Two: Count-Consumer Action One,561
KPI Three: Count,269
KPI Three: Count-Consumer Action One,1119
KPI One: Count-Consumer Action Two,20729
KPI One: Count-Consumer Action Two-Consumer Action One,28078
KPI One: Count-Consumer Action Two-Consumer Action One-Consumer Action Two,273
KPI One: Count-Consumer Action Two-Consumer Action One-Consumer Action Two-Consumer Action One,2074
KPI One: Count-Consumer Action Two-Consumer Action One-Consumer Action Two-Consumer Action One-Consumer Action Two,36
KPI One: Count-Consumer Action Two-Consumer Action One-Consumer Action Two-Consumer Action One-Consumer Action Two-Consumer Action One,305
KPI One: Count-Consumer Action Two-Consumer Action One-Consumer Action Two-Consumer Action One-Consumer Action Two-Consumer Action One-Consumer Action Two,5
KPI One: Count-Consumer Action Two-Consumer Action One-Consumer Action Two-Consumer Action One-Consumer Action Two-Consumer Action One-Consumer Action Two-Consumer Action One,68
KPI One: Count-Consumer Action Two-Consumer Action One-Consumer Action Two-Consumer Action One-Consumer Action Two-Consumer Action One-Consumer Action Two-Consumer Action One-Consumer Action Two,2
KPI One: Count-Consumer Action Two-Consumer Action One-Consumer Action Two-Consumer Action One-Consumer Action Two-Consumer Action One-Consumer Action Two-Consumer Action One-Consumer Action Two-Consumer Action One,24
KPI One: Count-Consumer Action Two-Consumer Action One-Consumer Action Two-Consumer Action One-Consumer Action Two-Consumer Action One-Consumer Action Two-Consumer Action One-Consumer Action Two-Consumer Action One-Consumer Action Two-Consumer Action One,10
KPI One: Count-Consumer Action Two-Consumer Action One-Consumer Action Two-Consumer Action One-Consumer Action Two-Consumer Action One-Consumer Action Two-Consumer Action One-Consumer Action Two-Consumer Action One-Consumer Action Two-Consumer Action One-Consumer Action Two-Consumer Action One,2
KPI One: Count-Consumer Action Two-Consumer Action One-Consumer Action Two-Consumer Action One-Consumer Action Two-Consumer Action One-Consumer Action Two-Consumer Action One-Consumer Action Two-Consumer Action One-Consumer Action Two-Consumer Action One-Consumer Action Two-Consumer Action One-Consumer Action Two-Consumer Action One,3
KPI One: Count-Consumer Action Two-Consumer Action One-Consumer Action Two-Consumer Action One-Consumer Action Two-Consumer Action One-Consumer Action Two-Consumer Action One-Consumer Action Two-Consumer Action One-Consumer Action Two-Consumer Action One-Consumer Action Two-Consumer Action One-Consumer Action Two-Consumer Action One-Consumer Action Two-Consumer Action One,2
KPI One: Count-Consumer Action One-Consumer Action Two,275
KPI One: Count-Consumer Action One-Consumer Action Two-Consumer Action One,2861
KPI One: Count-Consumer Action One-Consumer Action Two-Consumer Action One-Consumer Action Two,19
KPI One: Count-Consumer Action One-Consumer Action Two-Consumer Action One-Consumer Action Two-Consumer Action One,178
KPI One: Count-Consumer Action One-Consumer Action Two-Consumer Action One-Consumer Action Two-Consumer Action One-Consumer Action Two-Consumer Action One,28
KPI One: Count-Consumer Action One-Consumer Action Two-Consumer Action One-Consumer Action Two-Consumer Action One-Consumer Action Two-Consumer Action One-Consumer Action Two-Consumer Action One,5
KPI One: Count-Consumer Action One-Consumer Action Two-Consumer Action One-Consumer Action Two-Consumer Action One-Consumer Action Two-Consumer Action One-Consumer Action Two-Consumer Action One-Consumer Action Two-Consumer Action One,2
KPI Two: Count-Consumer Action Two,86
KPI Two: Count-Consumer Action Two-Consumer Action One,128
KPI Two: Count-Consumer Action Two-Consumer Action One-Consumer Action Two-Consumer Action One,8
KPI Two: Count-Consumer Action One-Consumer Action Two-Consumer Action One,11
KPI Three: Count-Consumer Action Two,210
KPI Three: Count-Consumer Action Two-Consumer Action One,243
KPI Three: Count-Consumer Action Two-Consumer Action One-Consumer Action Two-Consumer Action One,25
KPI Three: Count-Consumer Action Two-Consumer Action One-Consumer Action Two-Consumer Action One-Consumer Action Two-Consumer Action One,4
KPI Three: Count-Consumer Action Two-Consumer Action One-Consumer Action Two-Consumer Action One-Consumer Action Two-Consumer Action One-Consumer Action Two-Consumer Action One,3
KPI Three: Count-Consumer Action One-Consumer Action Two,8
KPI Three: Count-Consumer Action One-Consumer Action Two-Consumer Action One,49
KPI Three: Count-Consumer Action One-Consumer Action Two-Consumer Action One-Consumer Action Two-Consumer Action One,2
KPI One: Count-Consumer Action Two-Consumer Action One-Consumer Action Two-Consumer Action One-Consumer Action Two-Consumer Action One-Consumer Action Two-Consumer Action One-Consumer Action Three,2
KPI One: Count-Consumer Action Two-Consumer Action One-Consumer Action Two-Consumer Action One-Consumer Action Two-Consumer Action One-Consumer Action Three,6
KPI One: Count-Consumer Action Two-Consumer Action One-Consumer Action Two-Consumer Action One-Consumer Action Two-Consumer Action One-Consumer Action Three-Consumer Action One,6
KPI One: Count-Consumer Action Two-Consumer Action One-Consumer Action Two-Consumer Action One-Consumer Action Three,18
KPI One: Count-Consumer Action Two-Consumer Action One-Consumer Action Two-Consumer Action One-Consumer Action Three-Consumer Action Two,2
KPI One: Count-Consumer Action Two-Consumer Action One-Consumer Action Two-Consumer Action One-Consumer Action Three-Consumer Action One,29
KPI One: Count-Consumer Action Two-Consumer Action One-Consumer Action Two-Consumer Action One-Consumer Action Three-Consumer Action One-Consumer Action Three,3
KPI One: Count-Consumer Action Two-Consumer Action One-Consumer Action Two-Consumer Action Three,5
KPI One: Count-Consumer Action Two-Consumer Action One-Consumer Action Two-Consumer Action Three-Consumer Action One,4
KPI One: Count-Consumer Action Two-Consumer Action One-Consumer Action Two-Consumer Action Three-Consumer Action One-Consumer Action Two-Consumer Action One,2
KPI One: Count-Consumer Action Two-Consumer Action One-Consumer Action Three,309
KPI One: Count-Consumer Action Two-Consumer Action One-Consumer Action Three-Consumer Action Two,2
KPI One: Count-Consumer Action Two-Consumer Action One-Consumer Action Three-Consumer Action Two-Consumer Action One,15
KPI One: Count-Consumer Action Two-Consumer Action One-Consumer Action Three-Consumer Action Two-Consumer Action One-Consumer Action Three-Consumer Action One,2
KPI One: Count-Consumer Action Two-Consumer Action One-Consumer Action Three-Consumer Action One,373
KPI One: Count-Consumer Action Two-Consumer Action One-Consumer Action Three-Consumer Action One-Consumer Action Two-Consumer Action One,26
KPI One: Count-Consumer Action Two-Consumer Action One-Consumer Action Three-Consumer Action One-Consumer Action Two-Consumer Action One-Consumer Action Three-Consumer Action One,5
KPI One: Count-Consumer Action Two-Consumer Action One-Consumer Action Three-Consumer Action One-Consumer Action Three,21
KPI One: Count-Consumer Action Two-Consumer Action One-Consumer Action Three-Consumer Action One-Consumer Action Three-Consumer Action One,26
KPI One: Count-Consumer Action Two-Consumer Action One-Consumer Action Three-Consumer Action One-Consumer Action Three-Consumer Action One-Consumer Action Two-Consumer Action One,3
KPI One: Count-Consumer Action Two-Consumer Action One-Consumer Action Three-Consumer Action One-Consumer Action Three-Consumer Action One-Consumer Action Three-Consumer Action One,4
KPI One: Count-Consumer Action Two-Consumer Action One-Consumer Action Three-Consumer Action One-Consumer Action Three-Consumer Action One-Consumer Action Three-Consumer Action One-Consumer Action Three,2
KPI One: Count-Consumer Action Two-Consumer Action Three,224
KPI One: Count-Consumer Action Two-Consumer Action Three-Consumer Action Two,6
KPI One: Count-Consumer Action Two-Consumer Action Three-Consumer Action Two-Consumer Action One,15
KPI One: Count-Consumer Action Two-Consumer Action Three-Consumer Action Two-Consumer Action One-Consumer Action Two-Consumer Action One,2
KPI One: Count-Consumer Action Two-Consumer Action Three-Consumer Action Two-Consumer Action One-Consumer Action Three-Consumer Action One,2
KPI One: Count-Consumer Action Two-Consumer Action Three-Consumer Action One,112
KPI One: Count-Consumer Action Two-Consumer Action Three-Consumer Action One-Consumer Action Two,3
KPI One: Count-Consumer Action Two-Consumer Action Three-Consumer Action One-Consumer Action Two-Consumer Action One,9
KPI One: Count-Consumer Action Two-Consumer Action Three-Consumer Action One-Consumer Action Two-Consumer Action One-Consumer Action Two-Consumer Action One,3
KPI One: Count-Consumer Action Two-Consumer Action Three-Consumer Action One-Consumer Action Three,12
KPI One: Count-Consumer Action Two-Consumer Action Three-Consumer Action One-Consumer Action Three-Consumer Action One,8
KPI One: Count-Consumer Action Two-Consumer Action Three-Consumer Action One-Consumer Action Three-Consumer Action One-Consumer Action Three,3
KPI One: Count-Consumer Action One-Consumer Action Two-Consumer Action One-Consumer Action Two-Consumer Action One-Consumer Action Two-Consumer Action One-Consumer Action Three-Consumer Action One-Consumer Action Three-Consumer Action One,2
KPI One: Count-Consumer Action One-Consumer Action Two-Consumer Action One-Consumer Action Two-Consumer Action One-Consumer Action Three,6
KPI One: Count-Consumer Action One-Consumer Action Two-Consumer Action One-Consumer Action Two-Consumer Action One-Consumer Action Three-Consumer Action One,5
KPI One: Count-Consumer Action One-Consumer Action Two-Consumer Action One-Consumer Action Two-Consumer Action One-Consumer Action Three-Consumer Action One-Consumer Action Three-Consumer Action One,2
KPI One: Count-Consumer Action One-Consumer Action Two-Consumer Action One-Consumer Action Three,51
KPI One: Count-Consumer Action One-Consumer Action Two-Consumer Action One-Consumer Action Three-Consumer Action Two,2
KPI One: Count-Consumer Action One-Consumer Action Two-Consumer Action One-Consumer Action Three-Consumer Action Two-Consumer Action One,3
KPI One: Count-Consumer Action One-Consumer Action Two-Consumer Action One-Consumer Action Three-Consumer Action One,64
KPI One: Count-Consumer Action One-Consumer Action Two-Consumer Action One-Consumer Action Three-Consumer Action One-Consumer Action Two-Consumer Action One,3
KPI One: Count-Consumer Action One-Consumer Action Two-Consumer Action One-Consumer Action Three-Consumer Action One-Consumer Action Three,3
KPI One: Count-Consumer Action One-Consumer Action Two-Consumer Action One-Consumer Action Three-Consumer Action One-Consumer Action Three-Consumer Action One,6
KPI One: Count-Consumer Action One-Consumer Action Two-Consumer Action Three,8
KPI One: Count-Consumer Action One-Consumer Action Two-Consumer Action Three-Consumer Action One,8
KPI One: Count-Consumer Action One-Consumer Action Two-Consumer Action Three-Consumer Action One-Consumer Action Three-Consumer Action One,3
KPI One: Count-Consumer Action One-Consumer Action Three,2441
KPI One: Count-Consumer Action One-Consumer Action Three-Consumer Action Two,4
KPI One: Count-Consumer Action One-Consumer Action Three-Consumer Action Two-Consumer Action One,22
KPI One: Count-Consumer Action One-Consumer Action Three-Consumer Action Two-Consumer Action One-Consumer Action Two-Consumer Action One,2
KPI One: Count-Consumer Action One-Consumer Action Three-Consumer Action Two-Consumer Action One-Consumer Action Three,4
KPI One: Count-Consumer Action One-Consumer Action Three-Consumer Action Two-Consumer Action One-Consumer Action Three-Consumer Action One,4
KPI One: Count-Consumer Action One-Consumer Action Three-Consumer Action Two-Consumer Action One-Consumer Action Three-Consumer Action One-Consumer Action Three,2
KPI One: Count-Consumer Action One-Consumer Action Three-Consumer Action One,2200
KPI One: Count-Consumer Action One-Consumer Action Three-Consumer Action One-Consumer Action Two,2
KPI One: Count-Consumer Action One-Consumer Action Three-Consumer Action One-Consumer Action Two-Consumer Action One,51
KPI One: Count-Consumer Action One-Consumer Action Three-Consumer Action One-Consumer Action Two-Consumer Action One-Consumer Action Two-Consumer Action One,7
KPI One: Count-Consumer Action One-Consumer Action Three-Consumer Action One-Consumer Action Two-Consumer Action One-Consumer Action Three-Consumer Action One,5
KPI One: Count-Consumer Action One-Consumer Action Three-Consumer Action One-Consumer Action Three,141
KPI One: Count-Consumer Action One-Consumer Action Three-Consumer Action One-Consumer Action Three-Consumer Action Two-Consumer Action One,4
KPI One: Count-Consumer Action One-Consumer Action Three-Consumer Action One-Consumer Action Three-Consumer Action One,194
KPI One: Count-Consumer Action One-Consumer Action Three-Consumer Action One-Consumer Action Three-Consumer Action One-Consumer Action Two-Consumer Action One,6
KPI One: Count-Consumer Action One-Consumer Action Three-Consumer Action One-Consumer Action Three-Consumer Action One-Consumer Action Three,23
KPI One: Count-Consumer Action One-Consumer Action Three-Consumer Action One-Consumer Action Three-Consumer Action One-Consumer Action Three-Consumer Action One,26
KPI One: Count-Consumer Action One-Consumer Action Three-Consumer Action One-Consumer Action Three-Consumer Action One-Consumer Action Three-Consumer Action One-Consumer Action Three,5
KPI One: Count-Consumer Action One-Consumer Action Three-Consumer Action One-Consumer Action Three-Consumer Action One-Consumer Action Three-Consumer Action One-Consumer Action Three-Consumer Action One,7
KPI One: Count-Consumer Action One-Consumer Action Three-Consumer Action One-Consumer Action Three-Consumer Action One-Consumer Action Three-Consumer Action One-Consumer Action Three-Consumer Action One-Consumer Action Three-Consumer Action One,4
KPI One: Count-Consumer Action Three,223751
KPI One: Count-Consumer Action Three-Consumer Action Two,477
KPI One: Count-Consumer Action Three-Consumer Action Two-Consumer Action One,909
KPI One: Count-Consumer Action Three-Consumer Action Two-Consumer Action One-Consumer Action Two,13
KPI One: Count-Consumer Action Three-Consumer Action Two-Consumer Action One-Consumer Action Two-Consumer Action One,48
KPI One: Count-Consumer Action Three-Consumer Action Two-Consumer Action One-Consumer Action Two-Consumer Action One-Consumer Action Two-Consumer Action One,12
KPI One: Count-Consumer Action Three-Consumer Action Two-Consumer Action One-Consumer Action Two-Consumer Action One-Consumer Action Two-Consumer Action One-Consumer Action Two-Consumer Action One,2
KPI One: Count-Consumer Action Three-Consumer Action Two-Consumer Action One-Consumer Action Two-Consumer Action One-Consumer Action Three-Consumer Action One,2
KPI One: Count-Consumer Action Three-Consumer Action Two-Consumer Action One-Consumer Action Three,65
KPI One: Count-Consumer Action Three-Consumer Action Two-Consumer Action One-Consumer Action Three-Consumer Action Two-Consumer Action One,3
KPI One: Count-Consumer Action Three-Consumer Action Two-Consumer Action One-Consumer Action Three-Consumer Action One,37
KPI One: Count-Consumer Action Three-Consumer Action Two-Consumer Action One-Consumer Action Three-Consumer Action One-Consumer Action Two-Consumer Action One,3
KPI One: Count-Consumer Action Three-Consumer Action Two-Consumer Action One-Consumer Action Three-Consumer Action One-Consumer Action Three,2
KPI One: Count-Consumer Action Three-Consumer Action Two-Consumer Action One-Consumer Action Three-Consumer Action One-Consumer Action Three-Consumer Action One,2
KPI One: Count-Consumer Action Three-Consumer Action Two-Consumer Action Three,28
KPI One: Count-Consumer Action Three-Consumer Action Two-Consumer Action Three-Consumer Action One,8
KPI One: Count-Consumer Action Three-Consumer Action Two-Consumer Action Three-Consumer Action One-Consumer Action Three,5
KPI One: Count-Consumer Action Three-Consumer Action One,61104
KPI One: Count-Consumer Action Three-Consumer Action One-Consumer Action Two,164
KPI One: Count-Consumer Action Three-Consumer Action One-Consumer Action Two-Consumer Action One,1258
KPI One: Count-Consumer Action Three-Consumer Action One-Consumer Action Two-Consumer Action One-Consumer Action Two,8
KPI One: Count-Consumer Action Three-Consumer Action One-Consumer Action Two-Consumer Action One-Consumer Action Two-Consumer Action One,66
KPI One: Count-Consumer Action Three-Consumer Action One-Consumer Action Two-Consumer Action One-Consumer Action Two-Consumer Action One-Consumer Action Two-Consumer Action One,10
KPI One: Count-Consumer Action Three-Consumer Action One-Consumer Action Two-Consumer Action One-Consumer Action Two-Consumer Action One-Consumer Action Two-Consumer Action One-Consumer Action Two-Consumer Action One-Consumer Action Two-Consumer Action One,2
KPI One: Count-Consumer Action Three-Consumer Action One-Consumer Action Two-Consumer Action One-Consumer Action Two-Consumer Action One-Consumer Action Three-Consumer Action One,5
KPI One: Count-Consumer Action Three-Consumer Action One-Consumer Action Two-Consumer Action One-Consumer Action Three,44
KPI One: Count-Consumer Action Three-Consumer Action One-Consumer Action Two-Consumer Action One-Consumer Action Three-Consumer Action Two-Consumer Action One,3
KPI One: Count-Consumer Action Three-Consumer Action One-Consumer Action Two-Consumer Action One-Consumer Action Three-Consumer Action One,49
KPI One: Count-Consumer Action Three-Consumer Action One-Consumer Action Two-Consumer Action One-Consumer Action Three-Consumer Action One-Consumer Action Two,2
KPI One: Count-Consumer Action Three-Consumer Action One-Consumer Action Two-Consumer Action One-Consumer Action Three-Consumer Action One-Consumer Action Two-Consumer Action One,4
KPI One: Count-Consumer Action Three-Consumer Action One-Consumer Action Two-Consumer Action One-Consumer Action Three-Consumer Action One-Consumer Action Three-Consumer Action One,10
KPI One: Count-Consumer Action Three-Consumer Action One-Consumer Action Two-Consumer Action Three,7
KPI One: Count-Consumer Action Three-Consumer Action One-Consumer Action Two-Consumer Action Three-Consumer Action One,7
KPI One: Count-Consumer Action Three-Consumer Action One-Consumer Action Two-Consumer Action Three-Consumer Action One-Consumer Action Two-Consumer Action One,3
KPI One: Count-Consumer Action Three-Consumer Action One-Consumer Action Two-Consumer Action Three-Consumer Action One-Consumer Action Three-Consumer Action One,3
KPI One: Count-Consumer Action Three-Consumer Action One-Consumer Action Three,2666
KPI One: Count-Consumer Action Three-Consumer Action One-Consumer Action Three-Consumer Action Two,6
KPI One: Count-Consumer Action Three-Consumer Action One-Consumer Action Three-Consumer Action Two-Consumer Action One,31
KPI One: Count-Consumer Action Three-Consumer Action One-Consumer Action Three-Consumer Action Two-Consumer Action One-Consumer Action Two-Consumer Action One,2
KPI One: Count-Consumer Action Three-Consumer Action One-Consumer Action Three-Consumer Action Two-Consumer Action One-Consumer Action Three,6
KPI One: Count-Consumer Action Three-Consumer Action One-Consumer Action Three-Consumer Action Two-Consumer Action One-Consumer Action Three-Consumer Action One,5
KPI One: Count-Consumer Action Three-Consumer Action One-Consumer Action Three-Consumer Action One,2162
KPI One: Count-Consumer Action Three-Consumer Action One-Consumer Action Three-Consumer Action One-Consumer Action Two,8
KPI One: Count-Consumer Action Three-Consumer Action One-Consumer Action Three-Consumer Action One-Consumer Action Two-Consumer Action One,57
KPI One: Count-Consumer Action Three-Consumer Action One-Consumer Action Three-Consumer Action One-Consumer Action Two-Consumer Action One-Consumer Action Two-Consumer Action One,5
KPI One: Count-Consumer Action Three-Consumer Action One-Consumer Action Three-Consumer Action One-Consumer Action Two-Consumer Action One-Consumer Action Three,5
KPI One: Count-Consumer Action Three-Consumer Action One-Consumer Action Three-Consumer Action One-Consumer Action Two-Consumer Action One-Consumer Action Three-Consumer Action One,8
KPI One: Count-Consumer Action Three-Consumer Action One-Consumer Action Three-Consumer Action One-Consumer Action Three,204
KPI One: Count-Consumer Action Three-Consumer Action One-Consumer Action Three-Consumer Action One-Consumer Action Three-Consumer Action Two-Consumer Action One,2
KPI One: Count-Consumer Action Three-Consumer Action One-Consumer Action Three-Consumer Action One-Consumer Action Three-Consumer Action One,232
KPI One: Count-Consumer Action Three-Consumer Action One-Consumer Action Three-Consumer Action One-Consumer Action Three-Consumer Action One-Consumer Action Two,2
KPI One: Count-Consumer Action Three-Consumer Action One-Consumer Action Three-Consumer Action One-Consumer Action Three-Consumer Action One-Consumer Action Two-Consumer Action One,7
KPI One: Count-Consumer Action Three-Consumer Action One-Consumer Action Three-Consumer Action One-Consumer Action Three-Consumer Action One-Consumer Action Two-Consumer Action One-Consumer Action Two-Consumer Action One,2
KPI One: Count-Consumer Action Three-Consumer Action One-Consumer Action Three-Consumer Action One-Consumer Action Three-Consumer Action One-Consumer Action Two-Consumer Action One-Consumer Action Three,2
KPI One: Count-Consumer Action Three-Consumer Action One-Consumer Action Three-Consumer Action One-Consumer Action Three-Consumer Action One-Consumer Action Two-Consumer Action One-Consumer Action Three-Consumer Action One,2
KPI One: Count-Consumer Action Three-Consumer Action One-Consumer Action Three-Consumer Action One-Consumer Action Three-Consumer Action One-Consumer Action Three,37
KPI One: Count-Consumer Action Three-Consumer Action One-Consumer Action Three-Consumer Action One-Consumer Action Three-Consumer Action One-Consumer Action Three-Consumer Action One,49
KPI One: Count-Consumer Action Three-Consumer Action One-Consumer Action Three-Consumer Action One-Consumer Action Three-Consumer Action One-Consumer Action Three-Consumer Action One-Consumer Action Three,9
KPI One: Count-Consumer Action Three-Consumer Action One-Consumer Action Three-Consumer Action One-Consumer Action Three-Consumer Action One-Consumer Action Three-Consumer Action One-Consumer Action Three-Consumer Action One,9
KPI One: Count-Consumer Action Three-Consumer Action One-Consumer Action Three-Consumer Action One-Consumer Action Three-Consumer Action One-Consumer Action Three-Consumer Action One-Consumer Action Three-Consumer Action One-Consumer Action Two-Consumer Action One,2
KPI One: Count-Consumer Action Three-Consumer Action One-Consumer Action Three-Consumer Action One-Consumer Action Three-Consumer Action One-Consumer Action Three-Consumer Action One-Consumer Action Three-Consumer Action One-Consumer Action Three,4
KPI One: Count-Consumer Action Three-Consumer Action One-Consumer Action Three-Consumer Action One-Consumer Action Three-Consumer Action One-Consumer Action Three-Consumer Action One-Consumer Action Three-Consumer Action One-Consumer Action Three-Consumer Action One,2
KPI Two: Count-Consumer Action Two-Consumer Action Three,2
KPI Two: Count-Consumer Action One-Consumer Action Three,8
KPI Two: Count-Consumer Action One-Consumer Action Three-Consumer Action One,19
KPI Two: Count-Consumer Action One-Consumer Action Three-Consumer Action One-Consumer Action Two-Consumer Action One,2
KPI Two: Count-Consumer Action Three,983
KPI Two: Count-Consumer Action Three-Consumer Action Two-Consumer Action One,8
KPI Two: Count-Consumer Action Three-Consumer Action One,322
KPI Two: Count-Consumer Action Three-Consumer Action One-Consumer Action Two,2
KPI Two: Count-Consumer Action Three-Consumer Action One-Consumer Action Two-Consumer Action One,7
KPI Two: Count-Consumer Action Three-Consumer Action One-Consumer Action Three,11
KPI Two: Count-Consumer Action Three-Consumer Action One-Consumer Action Three-Consumer Action One,10
KPI Two: Count-Consumer Action Three-Consumer Action One-Consumer Action Three-Consumer Action One-Consumer Action Three-Consumer Action One,2
KPI Four: Count-Consumer Action Three,3
KPI Four: Count-Consumer Action Three-Consumer Action One,2
KPI Three: Count-Consumer Action Two-Consumer Action One-Consumer Action Three-Consumer Action One,3
KPI Three: Count-Consumer Action Two-Consumer Action Three,3
KPI Three: Count-Consumer Action Two-Consumer Action Three-Consumer Action One,2
KPI Three: Count-Consumer Action One-Consumer Action Three,76
KPI Three: Count-Consumer Action One-Consumer Action Three-Consumer Action One,54
KPI Three: Count-Consumer Action One-Consumer Action Three-Consumer Action One-Consumer Action Three,3
KPI Three: Count-Consumer Action One-Consumer Action Three-Consumer Action One-Consumer Action Three-Consumer Action One,11
KPI Three: Count-Consumer Action One-Consumer Action Three-Consumer Action One-Consumer Action Three-Consumer Action One-Consumer Action Three,2
KPI Three: Count-Consumer Action One-Consumer Action Three-Consumer Action One-Consumer Action Three-Consumer Action One-Consumer Action Three-Consumer Action One,3
KPI Three: Count-Consumer Action Three,1804
KPI Three: Count-Consumer Action Three-Consumer Action Two,3
KPI Three: Count-Consumer Action Three-Consumer Action Two-Consumer Action One,15
KPI Three: Count-Consumer Action Three-Consumer Action Two-Consumer Action Three,2
KPI Three: Count-Consumer Action Three-Consumer Action One,472
KPI Three: Count-Consumer Action Three-Consumer Action One-Consumer Action Two-Consumer Action One,9
KPI Three: Count-Consumer Action Three-Consumer Action One-Consumer Action Three,40
KPI Three: Count-Consumer Action Three-Consumer Action One-Consumer Action Three-Consumer Action One,46
KPI Three: Count-Consumer Action Three-Consumer Action One-Consumer Action Three-Consumer Action One-Consumer Action Three,4
KPI Three: Count-Consumer Action Three-Consumer Action One-Consumer Action Three-Consumer Action One-Consumer Action Three-Consumer Action One,7
